,ingredients
0,certo
1,apricot
2,wafers
3,quartered
4,stevia
5,pears
6,jello
7,scallops
8,vinaigrette
9,sticks
10,skinon
11,walnuts
12,cantaloupe
13,cream
14,papayas
15,nectarines
16,root
17,plum
18,kiwifruit
19,eighths
20,directions
21,foil
22,wings
23,flavoring
24,lentils
25,peeled
26,thawed
27,chocolate
28,nectar
29,peel
30,sprigs
31,pecans
32,persimmons
33,unsalted
34,sprite
35,dusting
36,halfmoons
37,discarded
38,rind
39,trimmed
40,stalk
41,fruit
42,whip
43,guacamole
44,white
45,shrimp
46,pudding
47,chives
48,flatbread
49,dressing
50,feta
51,softened
52,chips
53,beans
54,harissa
55,supreme
56,rolled
57,seasoning
58,preferred
59,flour
60,mozzarella
61,hazelnuts
62,yogurt
63,cider
64,peanuts
65,fatfree
66,ziyad
67,squash
68,freekeh
69,processor
70,garlic
71,milk
72,tajin
73,taste
74,bananas
75,farina
76,ritz
77,stripped
78,rhubarb
79,sprouts
80,heath
81,tidbits
82,parsley
83,carrots
84,sugar
85,oatmeal
86,tails
87,whole
88,mochiko
89,seed
90,strips
91,fullycooked
92,lumps
93,cilantro
94,cocoa
95,legs
96,limes
97,pepper
98,horseradish
99,prunes
100,chiles
101,cover
102,jiffy
103,crystal
104,crosswise
105,paste
106,zucchini
107,cubed
108,moons
109,boneless
110,medjool
111,pretzels
112,cheerios
113,optional
114,oranges
115,tops
116,slice
117,fit
118,chickpeas
119,pectin
120,separated
121,meal
122,couscous
123,marsala
124,popcorn
125,butter
126,thoroughly
127,cherry
128,potatoes
129,segments
130,oil
131,suet
132,tapioca
133,peaches
134,rice
135,cucumbers
136,pork
137,drained
138,pasta
139,thinly
140,oelek
141,drumsticks
142,cointreau
143,breast
144,sections
145,avocado
146,beverage
147,apple
148,turkey
149,rounds
150,sweetened
151,breasts
152,lettuce
153,julienned
154,steaks
155,cereal
156,seeds
157,margarine
158,peychauds
159,paper
160,bacardi
161,packed
162,beaten
163,deepfrying
164,concentrate
165,surejell
166,sorted
167,skin
168,marshmallows
169,quinoa
170,base
171,mix
172,stick
173,shallots
174,separately
175,capers
176,pickles
177,ale
178,butt
179,skinless
180,together
181,way
182,puree
183,pieces
184,watermelon
185,chile
186,dark
187,flaked
188,dice
189,jicama
190,cabbage
191,chilled
192,cubes
193,soda
194,halves
195,bitters
196,onions
197,kale
198,caramels
199,roughy
200,tequila
201,pureed
202,raspberries
203,whites
204,rings
205,lid
206,threads
207,cinnamon
208,mint
209,sauce
210,shortening
211,undrained
212,unfolded
213,nutmeg
214,garnish
215,shredded
216,diagonals
217,whipped
218,cranberries
219,bread
220,thirds
221,fillets
222,honey
223,olives
224,minced
225,creations
226,powder
227,cold
228,jam
229,skinned
230,knox
231,pats
232,liqueur
233,vinegar
234,espresso
235,carrot
236,desired
237,heated
238,torn
239,mango
240,vodka
241,attached
242,pear
243,tenders
244,diced
245,syrup
246,salsa
247,lemons
248,fish
249,banana
250,saffron
251,kiwis
252,pineapple
253,tartar
254,cucumber
255,basil
256,greens
257,rub
258,sprig
259,vanilla
260,welchs
261,leaf
262,strawberries
263,sliced
264,layers
265,shell
266,up
267,extracted
268,gewurztraminer
269,mahlab
270,sriracha
271,meyers
272,coconut
273,bushs
274,flesh
275,flakes
276,chambord
277,jelly
278,kaimal
279,coloring
280,crusts
281,shallot
282,papaya
283,extract
284,paprika
285,leaves
286,grands
287,almondmilk
288,cumin
289,tea
290,pastry
291,hens
292,dates
293,grated
294,clear
295,cored
296,only
297,potato
298,butterflied
299,cloves
300,zest
301,wedges
302,crackers
303,warmed
304,nectarine
305,melon
306,ketchup
307,blend
308,preserves
309,gelatin
310,temperature
311,cooled
312,ham
313,belly
314,slivered
315,unwrapped
316,schnapps
317,chunks
318,cone
319,chard
320,shells
321,marmalade
322,eggs
323,ice
324,wash
325,bits
326,dough
327,spray
328,yeast
329,egg
330,smashed
331,mushrooms
332,kiwi
333,bacon
334,crumbs
335,scissors
336,roast
337,eggplant
338,pomegranates
339,loin
340,muscovado
341,dried
342,salmon
343,crabmeat
344,meat
345,tarragon
346,persimmon
347,blackberries
348,shoots
349,yolks
350,tomatoes
351,stock
352,crumbled
353,seeded
354,spice
355,spareribs
356,divided
357,buttermilk
358,wine
359,bouillon
360,malibu
361,cake
362,stemmed
363,glasses
364,water
365,kernels
366,berries
367,tied
368,stems
369,lamb
370,filling
371,link
372,slices
373,arugula
374,melted
375,rolls
376,spears
377,thyme
378,bosc
379,apples
380,glaze
381,crust
382,yolk
383,cocktail
384,twist
385,cornstarch
386,rosemary
387,figs
388,tomato
389,avocados
390,tortillas
391,condiment
392,grapes
393,crema
394,chevre
395,firm
396,husked
397,mayonnaise
398,celery
399,oregano
400,raisins
401,currants
402,apricots
403,rinsed
404,bean
405,spinach
406,thin
407,cookies
408,broth
409,press
410,sec
411,chops
412,turmeric
413,ribs
414,slabs
415,granules
416,lengths
417,handles
418,cod
419,matchsticks
420,toothpicks
421,deveined
422,thighs
423,skewers
424,tenderloin
425,coating
426,coffee
427,farm
428,oats
429,sage
430,lime
431,c
432,cashews
433,florets
434,pistachios
435,stolichnaya
436,bass
437,orange
438,juiced
439,best
440,wedge
441,cheese
442,prosciutto
443,pulp
444,lengthwise
445,rolling
446,plums
447,frying
448,bourbon
449,pie
450,fruits
451,needed
452,sirloin
453,lemongrass
454,cherries
455,corn
456,dry
457,peppers
458,pods
459,coriander
460,liver
461,on
462,rectangles
463,balm
464,mustard
465,reserved
466,cube
467,rouge
468,applesauce
469,halved
470,baller
471,baked
472,beef
473,ginger
474,peach
475,seaweed
476,almonds
477,noodles
478,chopped
479,allspice
480,pitted
481,light
482,texture
483,cups
484,absolut
485,toasted
486,nuts
487,salt
488,thick
489,fillet
490,quarters
491,hulled
492,removed
493,marnier
494,whiskey
495,champagne
496,steak
497,frozen
498,tahini
499,mangos
500,substitute
501,brandy
502,splenda
503,pressed
504,blueberries
505,cooked
506,starter
507,tomatillos
508,chicken
509,crushed
510,topping
511,pomegranate
512,cardamom
513,beer
514,sheets
515,juice
516,zested
517,large
518,tenderloins
519,mashed
520,achiote
521,gin
522,rum
523,mangoes
524,baguette
525,decoration
526,molasses
527,germ
528,shelled
529,bran
530,sausage
531,pits
532,thickness
533,krispies
534,onion
535,fresh
536,sherry
537,sprinkling
538,half
539,vertically
540,scallions
541,vidalia
542,lemon
